program,names,rows,cols,nonZeros,size,chol_info,chol_size,sol_time,err
Matlab,ex15.mtx,6867,6867,98671,1743552,0.099808388782616,4186000,0.00122364945770954,8.04326568034595e-07
Matlab,shallow_water1.mtx,81920,81920,327680,7208968,4.2009748236684,368859400,0.0700577713580269,3.20149550509032e-16
